{
  "experiment_name": "bicycle",
  "method_name": "splatfacto",
  "checkpoint": "outputs/mip_dilation/dila_0.01/bicycle/splatfacto/0/nerfstudio_models/step-000030000.ckpt",
  "results": {
    "psnr": 21.23053741455078,
    "psnr_std": 1.5650588274002075,
    "ssim": 0.5748090744018555,
    "ssim_std": 0.055057231336832047,
    "lpips": 0.4737400412559509,
    "lpips_std": 0.032413139939308167,
    "num_rays_per_sec": 101027040.0,
    "num_rays_per_sec_std": 19373160.0,
    "fps": 6.216070175170898,
    "fps_std": 1.1920069456100464
  }
}