Method,bicycle,bicycle,bicycle,bicycle,flowers,flowers,flowers,flowers,garden,garden,garden,garden,stump,stump,stump,stump,treehill,treehill,treehill,treehill,room,room,room,room,counter,counter,counter,counter,kitchen,kitchen,kitchen,kitchen,bonsai,bonsai,bonsai,bonsai
Res,1,1/2,1/4,1/8,1,1/2,1/4,1/8,1,1/2,1/4,1/8,1,1/2,1/4,1/8,1,1/2,1/4,1/8,1,1/2,1/4,1/8,1,1/2,1/4,1/8,1,1/2,1/4,1/8,1,1/2,1/4,1/8
dila_0.01,29.530029296875,29.604022979736328,29.855064392089844,30.686016082763672,-10,-10,-10,-10,-10,-10,-10,-10,29.598487854003906,29.649330139160156,29.74833106994629,30.492618560791016,-10,-10,-10,-10,-10,-10,-10,-10,-10,-10,-10,-10,-10,-10,-10,-10,31.94478416442871,32.13253402709961,32.873626708984375,34.112098693847656
